Label,Chip_ID,token
1,F5E076334FC4,"0x2CD646F0,0xAF75611C,0x8555EF81,0x8F83A412 "
2,D5DE76334FC4,"0x202272D2,0xEAA18D2B,0x7D779B0F,0x01A9E810 "
3,E4015B1C5210,"0x6F446616,0xAFCA221B,0xC57B8FB7,0x2F7CF456 "
4,DCF95A1C5210,"0x1B74D202,0x1C992C83,0xD52F9FA7,0x9A10C446 "
5,3C035B1C5210,"0x2FF5C61B,0x87506286,0x89186F98,0xAF503419 "
6,B1DC76334FC4,"0x5116324C,0x9A354D20,0x9B55DBE5,0x518FA8BD "
7,30FF5A1C5210,"0x3F15A627,0x069E42AA,0x36F4AD60,0xC520146C "
8,E8F95A1C5210,"0x1B20D232,0x176AAD3B,0xD5239F9F,0x9A33C480 "
9,24FD5A1C5210,"0xDFFE960F,0x24440219,0x750BEDBC,0x553C54A0 "
10,3CFE5A1C5210,"0x7F75261B,0x8690C086,0xF9148F98,0x851084E5 "
11,50025B1C5210,"0x6F394613,0x4573E0AE,0x09522F64,0x1B26AF2C "
12,51CD76334FC4,"0xD581C861,0x7238470A,0xBBB29312,0x4A563747 "
13,A9DC76334FC4,"0x511E3278,0x1A254EF0,0xB1E2D775,0x5197A8BD "
14,D0005B1C5210,"0xBC4AA6EC,0xCF7182AF,0x46DF2DA5,0xEB6514A9 "
15,25DD76334FC4,"0xD07D72EB,0x22A48D25,0xBDC05B28,0x51ABE849 "
16,4DDD76334FC4,"0xD9C97245,0x40388EFA,0xB15455F2,0x51BDE843 "
17,04FD5A1C5210,"0xDF18961A,0xC4BE021F,0x76FFED43,0x554054A4 "
18,58015B1C5210,"0xFEF266C3,0x5FE83131,0xC942639E,0xEF35F455 "
19,B4035B1C5210,"0x2CD646F0,0xAF75611C,0x8555EF81,0x8F83A412 "
20,,
